product_id,product_name,category,brand,price,discount,stock,description,image_url,rating
P001,Product 1,Category 2,Brand 2,110.5,1,3,Sample description for product 1.,/static/images/products/product.jpg,3.7
P002,Product 2,Category 3,Brand 3,121,2,6,Sample description for product 2.,/static/images/products/product.jpg,3.9
P003,Product 3,Category 4,Brand 4,131.5,3,9,Sample description for product 3.,/static/images/products/product.jpg,4.1
P004,Product 4,Category 5,Brand 5,142,4,12,Sample description for product 4.,/static/images/products/product.jpg,4.3
P005,Product 5,Category 6,Brand 1,152.5,5,15,Sample description for product 5.,/static/images/products/product.jpg,3.5
P006,Product 6,Category 7,Brand 2,163,6,18,Sample description for product 6.,/static/images/products/product.jpg,3.7
P007,Product 7,Category 8,Brand 3,173.5,7,21,Sample description for product 7.,/static/images/products/product.jpg,3.9
P008,Product 8,Category 9,Brand 4,184,8,24,Sample description for product 8.,/static/images/products/product.jpg,4.1
P009,Product 9,Category 10,Brand 5,194.5,9,27,Sample description for product 9.,/static/images/products/product.jpg,4.3
P010,Product 10,Category 1,Brand 1,205,10,30,Sample description for product 10.,/static/images/products/product.jpg,3.5
P011,Product 11,Category 2,Brand 2,215.5,11,33,Sample description for product 11.,/static/images/products/product.jpg,3.7
P012,Product 12,Category 3,Brand 3,226,12,36,Sample description for product 12.,/static/images/products/product.jpg,3.9
P013,Product 13,Category 4,Brand 4,236.5,13,39,Sample description for product 13.,/static/images/products/product.jpg,4.1
P014,Product 14,Category 5,Brand 5,247,14,42,Sample description for product 14.,/static/images/products/product.jpg,4.3
P015,Product 15,Category 6,Brand 1,257.5,15,45,Sample description for product 15.,/static/images/products/product.jpg,3.5
P016,Product 16,Category 7,Brand 2,268,16,48,Sample description for product 16.,/static/images/products/product.jpg,3.7
P017,Product 17,Category 8,Brand 3,278.5,17,51,Sample description for product 17.,/static/images/products/product.jpg,3.9
P018,Product 18,Category 9,Brand 4,289,18,54,Sample description for product 18.,/static/images/products/product.jpg,4.1
P019,Product 19,Category 10,Brand 5,299.5,19,57,Sample description for product 19.,/static/images/products/product.jpg,4.3
P020,Product 20,Category 1,Brand 1,310,20,60,Sample description for product 20.,/static/images/products/product.jpg,3.5
P021,Product 21,Category 2,Brand 2,320.5,21,63,Sample description for product 21.,/static/images/products/product.jpg,3.7
P022,Product 22,Category 3,Brand 3,331,22,66,Sample description for product 22.,/static/images/products/product.jpg,3.9
P023,Product 23,Category 4,Brand 4,341.5,23,69,Sample description for product 23.,/static/images/products/product.jpg,4.1
P024,Product 24,Category 5,Brand 5,352,24,72,Sample description for product 24.,/static/images/products/product.jpg,4.3
P025,Product 25,Category 6,Brand 1,362.5,25,75,Sample description for product 25.,/static/images/products/product.jpg,3.5
P026,Product 26,Category 7,Brand 2,373,26,78,Sample description for product 26.,/static/images/products/product.jpg,3.7
P027,Product 27,Category 8,Brand 3,383.5,27,81,Sample description for product 27.,/static/images/products/product.jpg,3.9
P028,Product 28,Category 9,Brand 4,394,28,84,Sample description for product 28.,/static/images/products/product.jpg,4.1
P029,Product 29,Category 10,Brand 5,404.5,29,87,Sample description for product 29.,/static/images/products/product.jpg,4.3
P030,Product 30,Category 1,Brand 1,415,0,90,Sample description for product 30.,/static/images/products/product.jpg,3.5
P031,Product 31,Category 2,Brand 2,425.5,1,93,Sample description for product 31.,/static/images/products/product.jpg,3.7
P032,Product 32,Category 3,Brand 3,436,2,96,Sample description for product 32.,/static/images/products/product.jpg,3.9
P033,Product 33,Category 4,Brand 4,446.5,3,99,Sample description for product 33.,/static/images/products/product.jpg,4.1
P034,Product 34,Category 5,Brand 5,457,4,102,Sample description for product 34.,/static/images/products/product.jpg,4.3
P035,Product 35,Category 6,Brand 1,467.5,5,105,Sample description for product 35.,/static/images/products/product.jpg,3.5
P036,Product 36,Category 7,Brand 2,478,6,108,Sample description for product 36.,/static/images/products/product.jpg,3.7
P037,Product 37,Category 8,Brand 3,488.5,7,111,Sample description for product 37.,/static/images/products/product.jpg,3.9
P038,Product 38,Category 9,Brand 4,499,8,114,Sample description for product 38.,/static/images/products/product.jpg,4.1
P039,Product 39,Category 10,Brand 5,509.5,9,117,Sample description for product 39.,/static/images/products/product.jpg,4.3
P040,Product 40,Category 1,Brand 1,520,10,120,Sample description for product 40.,/static/images/products/product.jpg,3.5
P041,Product 41,Category 2,Brand 2,530.5,11,123,Sample description for product 41.,/static/images/products/product.jpg,3.7
P042,Product 42,Category 3,Brand 3,541,12,126,Sample description for product 42.,/static/images/products/product.jpg,3.9
P043,Product 43,Category 4,Brand 4,551.5,13,129,Sample description for product 43.,/static/images/products/product.jpg,4.1
P044,Product 44,Category 5,Brand 5,562,14,132,Sample description for product 44.,/static/images/products/product.jpg,4.3
P045,Product 45,Category 6,Brand 1,572.5,15,135,Sample description for product 45.,/static/images/products/product.jpg,3.5
P046,Product 46,Category 7,Brand 2,583,16,138,Sample description for product 46.,/static/images/products/product.jpg,3.7
P047,Product 47,Category 8,Brand 3,593.5,17,141,Sample description for product 47.,/static/images/products/product.jpg,3.9
P048,Product 48,Category 9,Brand 4,604,18,144,Sample description for product 48.,/static/images/products/product.jpg,4.1
P049,Product 49,Category 10,Brand 5,614.5,19,147,Sample description for product 49.,/static/images/products/product.jpg,4.3
P050,Product 50,Category 1,Brand 1,625,20,150,Sample description for product 50.,/static/images/products/product.jpg,3.5
P051,Product 51,Category 2,Brand 2,635.5,21,153,Sample description for product 51.,/static/images/products/product.jpg,3.7
P052,Product 52,Category 3,Brand 3,646,22,156,Sample description for product 52.,/static/images/products/product.jpg,3.9
P053,Product 53,Category 4,Brand 4,656.5,23,159,Sample description for product 53.,/static/images/products/product.jpg,4.1
P054,Product 54,Category 5,Brand 5,667,24,162,Sample description for product 54.,/static/images/products/product.jpg,4.3
P055,Product 55,Category 6,Brand 1,677.5,25,165,Sample description for product 55.,/static/images/products/product.jpg,3.5
P056,Product 56,Category 7,Brand 2,688,26,168,Sample description for product 56.,/static/images/products/product.jpg,3.7
P057,Product 57,Category 8,Brand 3,698.5,27,171,Sample description for product 57.,/static/images/products/product.jpg,3.9
P058,Product 58,Category 9,Brand 4,709,28,174,Sample description for product 58.,/static/images/products/product.jpg,4.1
P059,Product 59,Category 10,Brand 5,719.5,29,177,Sample description for product 59.,/static/images/products/product.jpg,4.3
P060,Product 60,Category 1,Brand 1,730,0,180,Sample description for product 60.,/static/images/products/product.jpg,3.5
P061,Product 61,Category 2,Brand 2,740.5,1,183,Sample description for product 61.,/static/images/products/product.jpg,3.7
P062,Product 62,Category 3,Brand 3,751,2,186,Sample description for product 62.,/static/images/products/product.jpg,3.9
P063,Product 63,Category 4,Brand 4,761.5,3,189,Sample description for product 63.,/static/images/products/product.jpg,4.1
P064,Product 64,Category 5,Brand 5,772,4,192,Sample description for product 64.,/static/images/products/product.jpg,4.3
P065,Product 65,Category 6,Brand 1,782.5,5,195,Sample description for product 65.,/static/images/products/product.jpg,3.5
P066,Product 66,Category 7,Brand 2,793,6,198,Sample description for product 66.,/static/images/products/product.jpg,3.7
P067,Product 67,Category 8,Brand 3,803.5,7,1,Sample description for product 67.,/static/images/products/product.jpg,3.9
P068,Product 68,Category 9,Brand 4,814,8,4,Sample description for product 68.,/static/images/products/product.jpg,4.1
P069,Product 69,Category 10,Brand 5,824.5,9,7,Sample description for product 69.,/static/images/products/product.jpg,4.3
P070,Product 70,Category 1,Brand 1,835,10,10,Sample description for product 70.,/static/images/products/product.jpg,3.5
P071,Product 71,Category 2,Brand 2,845.5,11,13,Sample description for product 71.,/static/images/products/product.jpg,3.7
P072,Product 72,Category 3,Brand 3,856,12,16,Sample description for product 72.,/static/images/products/product.jpg,3.9
P073,Product 73,Category 4,Brand 4,866.5,13,19,Sample description for product 73.,/static/images/products/product.jpg,4.1
P074,Product 74,Category 5,Brand 5,877,14,22,Sample description for product 74.,/static/images/products/product.jpg,4.3
P075,Product 75,Category 6,Brand 1,887.5,15,25,Sample description for product 75.,/static/images/products/product.jpg,3.5
P076,Product 76,Category 7,Brand 2,898,16,28,Sample description for product 76.,/static/images/products/product.jpg,3.7
P077,Product 77,Category 8,Brand 3,908.5,17,31,Sample description for product 77.,/static/images/products/product.jpg,3.9
P078,Product 78,Category 9,Brand 4,919,18,34,Sample description for product 78.,/static/images/products/product.jpg,4.1
P079,Product 79,Category 10,Brand 5,929.5,19,37,Sample description for product 79.,/static/images/products/product.jpg,4.3
P080,Product 80,Category 1,Brand 1,940,20,40,Sample description for product 80.,/static/images/products/product.jpg,3.5
P081,Product 81,Category 2,Brand 2,950.5,21,43,Sample description for product 81.,/static/images/products/product.jpg,3.7
P082,Product 82,Category 3,Brand 3,961,22,46,Sample description for product 82.,/static/images/products/product.jpg,3.9
P083,Product 83,Category 4,Brand 4,971.5,23,49,Sample description for product 83.,/static/images/products/product.jpg,4.1
P084,Product 84,Category 5,Brand 5,982,24,52,Sample description for product 84.,/static/images/products/product.jpg,4.3
P085,Product 85,Category 6,Brand 1,992.5,25,55,Sample description for product 85.,/static/images/products/product.jpg,3.5
P086,Product 86,Category 7,Brand 2,1003,26,58,Sample description for product 86.,/static/images/products/product.jpg,3.7
P087,Product 87,Category 8,Brand 3,1013.5,27,61,Sample description for product 87.,/static/images/products/product.jpg,3.9
P088,Product 88,Category 9,Brand 4,1024,28,64,Sample description for product 88.,/static/images/products/product.jpg,4.1
P089,Product 89,Category 10,Brand 5,1034.5,29,67,Sample description for product 89.,/static/images/products/product.jpg,4.3
P090,Product 90,Category 1,Brand 1,1045,0,70,Sample description for product 90.,/static/images/products/product.jpg,3.5
P091,Product 91,Category 2,Brand 2,1055.5,1,73,Sample description for product 91.,/static/images/products/product.jpg,3.7
P092,Product 92,Category 3,Brand 3,1066,2,76,Sample description for product 92.,/static/images/products/product.jpg,3.9
P093,Product 93,Category 4,Brand 4,1076.5,3,79,Sample description for product 93.,/static/images/products/product.jpg,4.1
P094,Product 94,Category 5,Brand 5,1087,4,82,Sample description for product 94.,/static/images/products/product.jpg,4.3
P095,Product 95,Category 6,Brand 1,1097.5,5,85,Sample description for product 95.,/static/images/products/product.jpg,3.5
P096,Product 96,Category 7,Brand 2,1108,6,88,Sample description for product 96.,/static/images/products/product.jpg,3.7
P097,Product 97,Category 8,Brand 3,1118.5,7,91,Sample description for product 97.,/static/images/products/product.jpg,3.9
P098,Product 98,Category 9,Brand 4,1129,8,94,Sample description for product 98.,/static/images/products/product.jpg,4.1
P099,Product 99,Category 10,Brand 5,1139.5,9,97,Sample description for product 99.,/static/images/products/product.jpg,4.3
P100,Product 100,Category 1,Brand 1,1150,10,100,Sample description for product 100.,/static/images/products/product.jpg,3.5
